fjakobs = Fabian Jakobs <fabian.jakobs@1und1.de>
jonathan_rass = Jonathan Weiss <jonathan.weiss@1und1.de>
jonathan_weiss = Jonathan Weiss <jonathan.weiss@1und1.de>
martinwittemann = Martin Wittemann <martin.wittemann@1und1.de>
thron7 = thron7 <thron7@users.sourceforge.net>
aback = Alexander Steitz <alexander.steitz@1und1.de>
caugusti = Claus Augusti <claus.augusti@1und1.de>
chris_schmidt = Christian Schmidt <schmidt.christian@1und1.de>
d_wagner = Daniel Wagner <daniel.wagner@1und1.de>
ecker = Andreas Ecker <andreas.ecker@1und1.de>
mhaitz =Michael Haitz <Michael.Haitz@webde.de>
tbtz = Tino Butz <Tino.Butz@webde.de>
wpbasti = Sebastian Werner <info@sebastian-werner.net>
mhellriegel = Matthias Hellriegel <Matthias.Hellriegel@1und1.de>
til132 = Tilman Schneider <Tilman.Schneider@webde.de>
carstenl = Carsten Lergenmüller <Carsten.Lergenmueller@webde.de>
christianharms = Christian Harms <christian.harms@1und1.de>
derrell = Derrell Lipman <Derrell.Lipman@UnwiredUniverse.com>
asala = asala <asala@users.sourceforge.net>
cameronbraid = cameronbraid <cameronbraid@users.sourceforge.net>
david-perez = david-perez <david-perez@users.sourceforge.net>
firstbman = firstbman <firstbman@users.sourceforge.net>
gdementen = gdementen <gdementen@users.sourceforge.net>
hgibson50 = hgibson50 <hgibson50@users.sourceforge.net>
level420 = level420 <level420@users.sourceforge.net>
lkaiser = lkaiser <lkaiser@users.sourceforge.net>
lucidcake = lucidcake <lucidcake@users.sourceforge.net>
michael_steiner = michael_steiner <michael_steiner@users.sourceforge.net>
psycledw = psycledw <psycledw@users.sourceforge.net>
root = root <root@users.sourceforge.net>
skloiber = skloiber <skloiber@users.sourceforge.net>
vpauli = vpauli <vpauli@users.sourceforge.net>
ybeser = ybeser <ybeser@users.sourceforge.net>
zermattchris = Chris Benford <dev@bsoft.ch>
noggin182 = Matthew Gregory <noggin182@users.sourceforge.net>
robindanzinger = Robin Danzinger <robindanzinger@users.sourceforge.net>
